[
    {
        "conversations": [
            {
                "from": "human",
                "value": "现在要搜集的是打电话订位这项功能，使用者所需提供的资讯。需要的资讯有:地区、店家、地址、人数、时间。目前有的资讯:地区:桃园市桃园区。目前缺少的资讯:店家、地址、人数、时间。\n我想要订餐"
            },
            {
                "from": "gpt",
                "value": "好的，请问你想定哪一家餐厅呢?"
            },
            {
                "from": "human",
                "value": "现在要搜集的是打电话订位这项功能，使用者所需提供的资讯。需要的资讯有:地区、店家、地址、人数、时间。目前有的资讯:地区:桃园市桃园区、店家:大泰屋。目前缺少的资讯:地址、人数、时间。\n我想要订大泰屋。助手:找到与名称相似的店家"
            },
            {
                  "from": "function_call",
                  "value": "{\"name\": \"search_store\", \"arguments\": {\"store_name\": \"大泰屋\"}}"
            },
            {
                "from": "observation",
                "value": "{\"status\": \"成功\", \"data\": [{\"name\": \"A\"}, {\"name\": \"B\"}, {\"name\": \"大泰屋 Great Thai House\"}]}"
            },
            {
                "from": "gpt",
                "value": "好的，以下是找到的结果你想要选哪一家呢?"
            },
            {
                "from": "human",
                "value": "现在要搜集的是打电话订位这项功能，使用者所需提供的资讯。需要的资讯有:地区、店家、地址、人数、时间。目前有的资讯:地区:桃园市桃园区、店家:大泰屋 Great Thai House、地址:桃园区中山路926号。目前缺少的资讯:人数、时间。\n"
            },
            {
                "from": "gpt",
                "value": "好的，请问一下在人数方面有多少为要用餐呢?"
            },
            {
                "from": "human",
                "value": "现在要搜集的是打电话订位这项功能，使用者所需提供的资讯。需要的资讯有:地区、店家、地址、人数、时间。目前有的资讯:地区:桃园市桃园区、店家:大泰屋 Great Thai House、地址:桃园区中山路926号、人数:四位。目前缺少的资讯:时间。\n大概四位"
            },
            {
                "from": "gpt",
                "value": "请问一下在时间的部分想要安排在什么时候呢?"
            },
            {
                "from": "human",
                "value": "现在资讯收集完毕，告知使用者正在安排中请稍后。目前资讯:地区:桃园市桃园区、店家:大泰屋 Great Thai House、地址:桃园区中山路926号、人数:四位、时间:晚上五点。\n助手:资讯收集完毕"
            },
            {
                "from": "gpt",
                "value": "您好！感谢您提供了所有需要的信息。我正在为您准备相关的内容，请稍等片刻。如果您有其他问题或需要帮助，请随时告诉我。"
            }
        ],
        "tools": "[{\"name\": \"search_store\", \"description\": \"搜尋有沒有與此店家名稱相似的名子\", \"parameters\": {\"type\": \"object\", \"properties\": {\"store_name\": {\"type\": \"string\", \"description\": \"要搜尋的店家名稱\"},  \"required\": [\"store_name\"]}}]",
        "system": "只要助手说找到与名称相似的店家，必须说\"以下是我找到类似的店家，你要选择哪一家?\"类似的话。只要助手说找不到店家时，需要向使用者告知并抱歉找不到。只要助手說资讯收集完毕，你需要感谢用户并告知他们你会开始处理信息并整理目前的资讯顯示给使用者查看。"
    }
]